"","level","Overall","0","1","2","p","test","Missing"
"n","","82","36","19","27","","",""
"age (median [IQR])","","58.10 [50.92, 64.27]","57.35 [50.55, 65.25]","58.10 [51.15, 63.55]","59.30 [51.40, 64.20]","0.836","nonnorm","0.0"
"sex_male (%)","0","42 (51.2)","17 (47.2)","13 (68.4)","12 (44.4)","0.226","","0.0"
"","1","40 (48.8)","19 (52.8)","6 (31.6)","15 (55.6)","","",""
"race (%)","1","70 (85.4)","31 (86.1)","17 (89.5)","22 (81.5)","0.628","","0.0"
"","2","4 (4.9)","1 (2.8)","2 (10.5)","1 (3.7)","","",""
"","3","2 (2.4)","1 (2.8)","0 (0.0)","1 (3.7)","","",""
"","4","6 (7.3)","3 (8.3)","0 (0.0)","3 (11.1)","","",""
"BMI (median [IQR])","","28.18 [24.44, 33.24]","28.16 [23.36, 33.60]","29.66 [24.12, 33.16]","28.29 [25.33, 33.20]","0.948","nonnorm","1.2"
"cirrhosis_etiology (%)","1","33 (40.2)","12 (33.3)","9 (47.4)","12 (44.4)","0.936","","0.0"
"","2","22 (26.8)","12 (33.3)","4 (21.1)","6 (22.2)","","",""
"","3","2 (2.4)","1 (2.8)","1 (5.3)","0 (0.0)","","",""
"","4","2 (2.4)","1 (2.8)","0 (0.0)","1 (3.7)","","",""
"","5","7 (8.5)","3 (8.3)","1 (5.3)","3 (11.1)","","",""
"","6","16 (19.5)","7 (19.4)","4 (21.1)","5 (18.5)","","",""
"he_previous_comp (%)","0","28 (34.1)","16 (44.4)","7 (36.8)","5 (18.5)","0.096","","0.0"
"","1","54 (65.9)","20 (55.6)","12 (63.2)","22 (81.5)","","",""
"ascites_previous_comp (%)","0","8 (9.8)","6 (16.7)","1 (5.3)","1 (3.7)","0.173","","0.0"
"","1","74 (90.2)","30 (83.3)","18 (94.7)","26 (96.3)","","",""
"refascites_previous_comp (%)","0","16 (22.9)","9 (30.0)","4 (23.5)","3 (13.0)","0.345","","14.6"
"","1","54 (77.1)","21 (70.0)","13 (76.5)","20 (87.0)","","",""
"sbp_previous_comp (%)","0","63 (77.8)","32 (88.9)","14 (77.8)","17 (63.0)","0.050","","1.2"
"","1","18 (22.2)","4 (11.1)","4 (22.2)","10 (37.0)","","",""
"nonsbp_previous_comp (%)","0","60 (75.9)","24 (68.6)","12 (70.6)","24 (88.9)","0.151","","3.7"
"","1","19 (24.1)","11 (31.4)","5 (29.4)","3 (11.1)","","",""
"phtn_bleed_previous_comp (%)","0","66 (81.5)","29 (80.6)","15 (83.3)","22 (81.5)","0.970","","1.2"
"","1","15 (18.5)","7 (19.4)","3 (16.7)","5 (18.5)","","",""
"hcc_previous_comp (%)","0","70 (86.4)","31 (86.1)","16 (88.9)","23 (85.2)","0.936","","1.2"
"","1","11 (13.6)","5 (13.9)","2 (11.1)","4 (14.8)","","",""
"tips_previous_comp (%)","0","80 (97.6)","34 (94.4)","19 (100.0)","27 (100.0)","0.270","","0.0"
"","1","2 (2.4)","2 (5.6)","0 (0.0)","0 (0.0)","","",""
"aki_previous_90days (%)","0","48 (59.3)","21 (58.3)","9 (50.0)","18 (66.7)","0.531","","1.2"
"","1","33 (40.7)","15 (41.7)","9 (50.0)","9 (33.3)","","",""
"mido_preadmission (%)","0","47 (60.3)","23 (63.9)","12 (75.0)","12 (46.2)","0.149","","4.9"
"","1","31 (39.7)","13 (36.1)","4 (25.0)","14 (53.8)","","",""
"oct_before_terli (%)","0","47 (58.0)","20 (55.6)","10 (55.6)","17 (63.0)","0.816","","1.2"
"","1","34 (42.0)","16 (44.4)","8 (44.4)","10 (37.0)","","",""
"pressors_aki (%)","0","70 (86.4)","32 (88.9)","17 (94.4)","21 (77.8)","0.235","","1.2"
"","1","11 (13.6)","4 (11.1)","1 (5.6)","6 (22.2)","","",""
"admit_meld_3 (median [IQR])","","31.00 [26.25, 36.00]","31.00 [25.50, 36.25]","32.00 [29.50, 37.00]","30.00 [26.50, 34.00]","0.458","nonnorm","0.0"
"day0_meld_3 (median [IQR])","","35.00 [31.00, 39.00]","35.50 [32.00, 39.00]","37.00 [33.00, 39.75]","32.00 [28.00, 38.25]","0.303","nonnorm","19.5"
"baseline_scr_new (median [IQR])","","1.22 [0.92, 1.60]","1.15 [0.91, 1.48]","0.98 [0.83, 1.28]","1.40 [1.09, 1.69]","0.035","nonnorm","0.0"
"baseline_scr (median [IQR])","","1.29 [0.93, 1.78]","1.28 [0.91, 1.57]","1.12 [0.83, 1.78]","1.41 [1.17, 1.76]","0.243","nonnorm","1.2"
"tbili_admit (median [IQR])","","3.40 [2.00, 12.25]","2.90 [1.92, 17.25]","3.40 [2.30, 7.55]","3.70 [2.30, 10.70]","0.995","nonnorm","3.7"
"inr_admit (median [IQR])","","1.80 [1.50, 2.40]","1.80 [1.52, 2.55]","2.00 [1.52, 2.40]","1.80 [1.55, 2.40]","0.857","nonnorm","3.7"
"sodium_admit (median [IQR])","","131.00 [127.00, 135.00]","132.00 [128.00, 134.75]","130.00 [127.00, 134.00]","132.00 [125.50, 135.50]","0.899","nonnorm","4.9"
"albumin_admit (median [IQR])","","3.30 [2.80, 3.80]","3.20 [2.80, 3.68]","3.55 [2.95, 4.50]","3.40 [2.90, 3.75]","0.326","nonnorm","3.7"
"aclf_grade (median [IQR])","","2.00 [2.00, 3.00]","3.00 [2.00, 3.00]","3.00 [2.00, 3.00]","2.00 [2.00, 3.00]","0.378","nonnorm","0.0"
"clif_c_score (median [IQR])","","41.32 [36.19, 47.87]","42.27 [34.98, 47.07]","42.07 [38.91, 49.38]","37.69 [33.39, 46.25]","0.102","nonnorm","3.7"
"icu_admit (%)","0","33 (40.2)","11 (30.6)","7 (36.8)","15 (55.6)","0.127","","0.0"
"","1","49 (59.8)","25 (69.4)","12 (63.2)","12 (44.4)","","",""
"criteria_1 (%)","0","77 (93.9)","33 (91.7)","18 (94.7)","26 (96.3)","0.738","","0.0"
"","1","5 (6.1)","3 (8.3)","1 (5.3)","1 (3.7)","","",""
"criteria_2 (%)","0","42 (51.2)","17 (47.2)","8 (42.1)","17 (63.0)","0.308","","0.0"
"","1","40 (48.8)","19 (52.8)","11 (57.9)","10 (37.0)","","",""
"criteria_3 (%)","0","81 (98.8)","35 (97.2)","19 (100.0)","27 (100.0)","0.524","","0.0"
"","1","1 (1.2)","1 (2.8)","0 (0.0)","0 (0.0)","","",""
"criteria_4 (%)","0","81 (98.8)","35 (97.2)","19 (100.0)","27 (100.0)","0.524","","0.0"
"","1","1 (1.2)","1 (2.8)","0 (0.0)","0 (0.0)","","",""
"alb_terli_discont_day (median [IQR])","","3.60 [3.30, 4.10]","3.60 [3.30, 4.10]","3.40 [3.20, 4.00]","3.80 [3.38, 4.12]","0.507","nonnorm","9.8"
"terli_route_day0 (%)","1","70 (85.4)","30 (83.3)","15 (78.9)","25 (92.6)","0.392","","0.0"
"","2","12 (14.6)","6 (16.7)","4 (21.1)","2 (7.4)","","",""
"Discont_Day (median [IQR])","","4.00 [2.00, 6.00]","2.00 [1.00, 4.00]","4.00 [2.00, 8.00]","4.00 [3.00, 6.00]","0.001","nonnorm","0.0"
"albumin_before_terli (%)","0","8 (9.8)","2 (5.6)","3 (15.8)","3 (11.1)","0.458","","0.0"
"","1","74 (90.2)","34 (94.4)","16 (84.2)","24 (88.9)","","",""
"totalalbumin_before_terli (median [IQR])","","200.00 [112.50, 300.00]","212.50 [137.50, 350.00]","168.75 [100.00, 256.25]","200.00 [112.50, 225.00]","0.408","nonnorm","11.0"
"hrs_responders (%)","0","36 (43.9)","36 (100.0)","0 (0.0)","0 (0.0)","<0.001","","0.0"
"","1","19 (23.2)","0 (0.0)","19 (100.0)","0 (0.0)","","",""
"","2","27 (32.9)","0 (0.0)","0 (0.0)","27 (100.0)","","",""
"hrs_responders_cat_2 (%)","0","36 (43.9)","36 (100.0)","0 (0.0)","0 (0.0)","<0.001","","0.0"
"","1","46 (56.1)","0 (0.0)","19 (100.0)","27 (100.0)","","",""
"map_day0 (median [IQR])","","74.67 [69.50, 80.50]","74.29 [68.83, 78.46]","75.84 [69.96, 82.88]","76.84 [68.96, 80.83]","0.481","nonnorm","0.0"
